"inventory_flow_id","warehouse_id","warehouse_name","warehouse_street_address","warehouse_city","warehouse_state","warehouse_postal_code","warehouse_country","product_id","product_name","sku","movement_type","quantity","unit_of_measure","movement_datetime","source_location_type","source_location_id","destination_location_type","destination_location_id","reference_document_number","movement_reason","handled_by_user_id","comments"
"INVFLW0001","WH001","Central Distribution","100 Main St","Chicago","IL","60601","USA","PRD00001","Electric Drill 500W","EDRILL500W","inbound","900","pieces","2024-05-03T10:23:00Z","supplier","SUP1234","warehouse","WH001","PO-20240503-01","Restocking after sales","USR0012","Received from regular supplier."
"INVFLW0002","WH002","North Hub","2211 North Ave","Minneapolis","MN","55401","USA","PRD00002","Heavy Duty Hammer","HDHAMMER","outbound","150","pieces","2024-05-04T14:55:00Z","warehouse","WH002","customer","CUST9981","SO-20240504-02","Order fulfillment","USR0033","Shipped for online order #A2345."
"INVFLW0003","WH003","East Storage","76 Long Dr","Boston","MA","02118","USA","PRD00003","Safety Gloves Large","SGLOVEL","transfer","2000","boxes","2024-05-02T09:05:00Z","warehouse","WH003","warehouse","WH001","TR-20240502-01","Stock balancing","USR0020","Moved due to high demand in Chicago."
"INVFLW0004","WH004","West Logistics","401 Pine St","Denver","CO","80202","USA","PRD00004","Packing Tape Roll","PTAPE","adjustment","80","pieces","2024-04-28T16:10:00Z","warehouse","WH004","warehouse","WH004","ADJ-20240428-01","Inventory audit adjustment","USR0045","Adjusted after physical count."
"INVFLW0005","WH005","South Depot","5555 South St","Dallas","TX","75201","USA","PRD00005","LED Work Light","LEDWL100","inbound","420","pieces","2024-05-05T11:45:00Z","supplier","SUP3210","warehouse","WH005","PO-20240505-03","New product launch","USR0058","First batch for new SKU."
"INVFLW0006","WH006","Midwest Storage","302 Maple Rd","Kansas City","MO","64106","USA","PRD00006","All-Purpose Cleaner","APCLNR1L","outbound","60","bottles","2024-05-05T13:41:00Z","warehouse","WH006","customer","CUST4552","SO-20240505-04","Retail order","USR0067","Bulk order for store chain."
"INVFLW0007","WH007","Pacific Hub","789 Ocean Pkwy","San Francisco","CA","94107","USA","PRD00007","Industrial Mop Head","IMOPH","transfer","300","pieces","2024-05-01T08:20:00Z","warehouse","WH007","warehouse","WH002","TR-20240501-02","Seasonal demand shift","USR0072","Increase inventory for summer season."
"INVFLW0008","WH008","Atlantic Fulfillment","200 Harbor Dr","Miami","FL","33101","USA","PRD00008","Plastic Storage Bin","PSBIN20L","inbound","1400","pieces","2024-04-30T15:30:00Z","supplier","SUP9843","warehouse","WH008","PO-20240430-05","Restocking storage items","USR0081","Full truck delivery."
"INVFLW0009","WH009","Rocky Mountain Depot","12 Aspen Way","Salt Lake City","UT","84101","USA","PRD00009","Industrial Fan","FANINDL","adjustment","20","units","2024-05-04T17:15:00Z","warehouse","WH009","warehouse","WH009","ADJ-20240504-02","Damaged in transit","USR0094","Removed damaged fans from count."
"INVFLW0010","WH010","Delta Transfer","88 River Rd","Memphis","TN","38103","USA","PRD00010","Portable Tool Case","PTCASE","transfer","90","pieces","2024-05-06T10:10:00Z","warehouse","WH010","warehouse","WH008","TR-20240506-01","Balancing tool inventory","USR0103","Expedited transfer required."
"INVFLW0011","WH001","Central Distribution","100 Main St","Chicago","IL","60601","USA","PRD00011","Safety Goggles","SGOG001","inbound","1200","pieces","2024-05-07T09:30:00Z","supplier","SUP2222","warehouse","WH001","PO-20240507-02","Bulk protective gear","USR0012","Rush shipment received."
"INVFLW0012","WH002","North Hub","2211 North Ave","Minneapolis","MN","55401","USA","PRD00012","Steel Nails 50mm","SNL50MM","outbound","21000","kg","2024-05-08T11:52:00Z","warehouse","WH002","customer","CUST1023","SO-20240508-07","Large construction order","USR0033","Order for city construction project."
"INVFLW0013","WH003","East Storage","76 Long Dr","Boston","MA","02118","USA","PRD00013","Rubber Gasket Set","RGASKETSET","transfer","400","sets","2024-05-03T13:00:00Z","warehouse","WH003","warehouse","WH006","TR-20240503-03","Seasonal increase","USR0020","Moved for Midwest ramp up."
"INVFLW0014","WH004","West Logistics","401 Pine St","Denver","CO","80202","USA","PRD00014","Corrugated Boxes","CBOX100","adjustment","50","boxes","2024-05-09T15:44:00Z","warehouse","WH004","warehouse","WH004","ADJ-20240509-01","Shrinkage found","USR0045","Missing items after audit."
"INVFLW0015","WH005","South Depot","5555 South St","Dallas","TX","75201","USA","PRD00015","Heavy Duty Extension Cord","HDEXTCORD","inbound","700","pieces","2024-05-10T08:40:00Z","supplier","SUP1999","warehouse","WH005","PO-20240510-02","Restocking after sale","USR0058","High demand item restocked."
"INVFLW0016","WH006","Midwest Storage","302 Maple Rd","Kansas City","MO","64106","USA","PRD00016","Stainless Steel Screws","SSSCREW","outbound","5000","kg","2024-05-10T12:22:00Z","warehouse","WH006","customer","CUST3911","SO-20240510-03","Contract order","USR0067","Delivered for manufacturing contract."
"INVFLW0017","WH007","Pacific Hub","789 Ocean Pkwy","San Francisco","CA","94107","USA","PRD00017","Aluminum Ladder","ALAD10FT","transfer","55","pieces","2024-05-09T09:10:00Z","warehouse","WH007","warehouse","WH005","TR-20240509-01","Redistribution","USR0072","Low demand in Pacific Hub."
"INVFLW0018","WH008","Atlantic Fulfillment","200 Harbor Dr","Miami","FL","33101","USA","PRD00018","Work Boots Size 10","WBOOT10","inbound","320","pairs","2024-05-10T14:00:00Z","supplier","SUP5555","warehouse","WH008","PO-20240510-05","Seasonal restocking","USR0081","Annual Q2 restock."
"INVFLW0019","WH009","Rocky Mountain Depot","12 Aspen Way","Salt Lake City","UT","84101","USA","PRD00019","Safety Cone Orange","SCONEORG","adjustment","10","pieces","2024-05-06T18:22:00Z","warehouse","WH009","warehouse","WH009","ADJ-20240506-03","Lost in transit","USR0094","Documented by inbound team."
"INVFLW0020","WH010","Delta Transfer","88 River Rd","Memphis","TN","38103","USA","PRD00020","Hand Saw","HSAW20IN","transfer","130","pieces","2024-05-11T10:50:00Z","warehouse","WH010","warehouse","WH009","TR-20240511-01","Transfer to support new project","USR0103","Requested by SLC operations."
"INVFLW0021","WH001","Central Distribution","100 Main St","Chicago","IL","60601","USA","PRD00021","Cable Ties 8in","CBTIE8IN","inbound","3500","pieces","2024-05-12T07:30:00Z","supplier","SUP1343","warehouse","WH001","PO-20240512-01","Bulk order replenishment","USR0012","Supplier delivered ahead of schedule."
"INVFLW0022","WH002","North Hub","2211 North Ave","Minneapolis","MN","55401","USA","PRD00022","Paint Roller Set","PROLLSET","outbound","240","sets","2024-05-12T13:10:00Z","warehouse","WH002","customer","CUST1245","SO-20240512-05","Online retail order","USR0033","Priority shipment for customer."
"INVFLW0023","WH003","East Storage","76 Long Dr","Boston","MA","02118","USA","PRD00023","Plastic Pallet","PLPALLET","transfer","100","pieces","2024-05-13T09:30:00Z","warehouse","WH003","warehouse","WH002","TR-20240513-01","Support packaging needs","USR0020","Sent for high-volume packaging."
"INVFLW0024","WH004","West Logistics","401 Pine St","Denver","CO","80202","USA","PRD00024","Shrink Wrap Film","SWFILM","adjustment","35","rolls","2024-05-13T17:00:00Z","warehouse","WH004","warehouse","WH004","ADJ-20240513-02","Damaged packaging","USR0045","Damaged during handling."
"INVFLW0025","WH005","South Depot","5555 South St","Dallas","TX","75201","USA","PRD00025","Wire Cutter","WCUTTER","inbound","600","pieces","2024-05-14T10:55:00Z","supplier","SUP3728","warehouse","WH005","PO-20240514-03","Regular scheduled delivery","USR0058","Monthly replenishment."
"INVFLW0026","WH006","Midwest Storage","302 Maple Rd","Kansas City","MO","64106","USA","PRD00026","PVC Pipe 1in","PVCPIPE1","outbound","1800","meters","2024-05-15T12:00:00Z","warehouse","WH006","customer","CUST2133","SO-20240515-01","Order for contractor","USR0067","Construction job supplies."
"INVFLW0027","WH007","Pacific Hub","789 Ocean Pkwy","San Francisco","CA","94107","USA","PRD00027","Disposable Dust Mask","DDMASK","transfer","5000","pieces","2024-05-16T09:20:00Z","warehouse","WH007","warehouse","WH001","TR-20240516-01","High demand in Midwest","USR0072","COVID-19 supply redistribution."
"INVFLW0028","WH008","Atlantic Fulfillment","200 Harbor Dr","Miami","FL","33101","USA","PRD00028","Paint Brush 2in","PB2IN","inbound","800","pieces","2024-05-16T14:41:00Z","supplier","SUP8321","warehouse","WH008","PO-20240516-04","Scheduled supplier order","USR0081","Verified by receiving clerk."
"INVFLW0029","WH009","Rocky Mountain Depot","12 Aspen Way","Salt Lake City","UT","84101","USA","PRD00029","Fire Extinguisher ABC","FEXTABC","adjustment","12","units","2024-05-17T18:12:00Z","warehouse","WH009","warehouse","WH009","ADJ-20240517-01","Expired units replaced","USR0094","Safety compliance."
"INVFLW0030","WH010","Delta Transfer","88 River Rd","Memphis","TN","38103","USA","PRD00030","Multi-Tool Set","MTSET24","transfer","1000","sets","2024-05-18T10:00:00Z","warehouse","WH010","warehouse","WH003","TR-20240518-01","High demand in East","USR0103","Large volume, expedited."
"INVFLW0031","WH001","Central Distribution","100 Main St","Chicago","IL","60601","USA","PRD00031","Work Gloves XL","WGLOVXL","inbound","250","pairs","2024-05-19T11:23:00Z","supplier","SUP4567","warehouse","WH001","PO-20240519-01","Quarterly stock","USR0012","Verified by receiving."
"INVFLW0032","WH002","North Hub","2211 North Ave","Minneapolis","MN","55401","USA","PRD00032","Plastic Sheeting","PSHEET","outbound","4000","meters","2024-05-19T14:44:00Z","warehouse","WH002","customer","CUST6578","SO-20240519-03","Construction supply order","USR0033","Requested by site manager."
"INVFLW0033","WH003","East Storage","76 Long Dr","Boston","MA","02118","USA","PRD00033","Drill Bit Set","DBITSET","transfer","800","sets","2024-05-20T09:00:00Z","warehouse","WH003","warehouse","WH006","TR-20240520-01","Seasonal restocking","USR0020","Increase for summer demand."
"INVFLW0034","WH004","West Logistics","401 Pine St","Denver","CO","80202","USA","PRD00034","Packing Foam","PACKFOAM","adjustment","30","boxes","2024-05-20T17:20:00Z","warehouse","WH004","warehouse","WH004","ADJ-20240520-01","Damaged in warehouse","USR0045","Found during safety check."
"INVFLW0035","WH005","South Depot","5555 South St","Dallas","TX","75201","USA","PRD00035","Cable Reel","CBLREEL","inbound","1000","reels","2024-05-21T10:30:00Z","supplier","SUP3001","warehouse","WH005","PO-20240521-02","Bulk restock","USR0058","Supplier delivery on schedule."
"INVFLW0036","WH006","Midwest Storage","302 Maple Rd","Kansas City","MO","64106","USA","PRD00036","Industrial Tape 2in","ITAPE2IN","outbound","320","rolls","2024-05-21T14:10:00Z","warehouse","WH006","customer","CUST7842","SO-20240521-04","Packing supply order","USR0067","Shipped by morning team."
"INVFLW0037","WH007","Pacific Hub","789 Ocean Pkwy","San Francisco","CA","94107","USA","PRD00037","Flashlight LED","FLLED","transfer","600","pieces","2024-05-22T09:45:00Z","warehouse","WH007","warehouse","WH008","TR-20240522-01","Demand spike in Miami","USR0072","Transferred by night crew."
"INVFLW0038","WH008","Atlantic Fulfillment","200 Harbor Dr","Miami","FL","33101","USA","PRD00038","Screwdriver Set","SDSET","inbound","800","sets","2024-05-23T11:04:00Z","supplier","SUP2020","warehouse","WH008","PO-20240523-01","Scheduled restock","USR0081","Checked by inventory manager."
"INVFLW0039","WH009","Rocky Mountain Depot","12 Aspen Way","Salt Lake City","UT","84101","USA","PRD00039","First Aid Kit","FAKIT","adjustment","8","kits","2024-05-23T19:30:00Z","warehouse","WH009","warehouse","WH009","ADJ-20240523-03","Kit replaced after use","USR0094","Used in emergency response."
"INVFLW0040","WH010","Delta Transfer","88 River Rd","Memphis","TN","38103","USA","PRD00040","Plastic Bucket 10L","PBKT10L","transfer","350","pieces","2024-05-24T10:10:00Z","warehouse","WH010","warehouse","WH005","TR-20240524-01","Support warehouse cleaning","USR0103","Transferred for cleaning drive."
"INVFLW0041","WH001","Central Distribution","100 Main St","Chicago","IL","60601","USA","PRD00041","Dustpan and Brush Set","DPBRUSHSET","inbound","120","sets","2024-05-25T11:15:00Z","supplier","SUP8888","warehouse","WH001","PO-20240525-01","New supplier delivery","USR0012","Supplier performance review."
"INVFLW0042","WH002","North Hub","2211 North Ave","Minneapolis","MN","55401","USA","PRD00042","Cloth Rags Pack","CRAGSPACK","outbound","400","packs","2024-05-25T13:33:00Z","warehouse","WH002","customer","CUST3322","SO-20240525-02","Janitorial supply order","USR0033","Customer requested extra packs."
"INVFLW0043","WH003","East Storage","76 Long Dr","Boston","MA","02118","USA","PRD00043","Plastic Tubing","PTUBE1M","transfer","1250","meters","2024-05-26T08:40:00Z","warehouse","WH003","warehouse","WH008","TR-20240526-01","Support Miami order","USR0020","Transferred for urgent fulfillment."
"INVFLW0044","WH004","West Logistics","401 Pine St","Denver","CO","80202","USA","PRD00044","Bubble Wrap Roll","BWRAPROLL","adjustment","16","rolls","2024-05-26T16:15:00Z","warehouse","WH004","warehouse","WH004","ADJ-20240526-02","Damaged stock removed","USR0045","Damaged during transport."
"INVFLW0045","WH005","South Depot","5555 South St","Dallas","TX","75201","USA","PRD00045","Duct Tape Roll","DTROLL","inbound","350","rolls","2024-05-27T10:30:00Z","supplier","SUP6542","warehouse","WH005","PO-20240527-02","Supplier restock","USR0058","Standard order received."
"INVFLW0046","WH006","Midwest Storage","302 Maple Rd","Kansas City","MO","64106","USA","PRD00046","Heavy Duty Gloves","HDGLOVES","outbound","1500","pairs","2024-05-27T13:00:00Z","warehouse","WH006","customer","CUST9123","SO-20240527-02","Manufacturing order","USR0067","Delivered by truck."
"INVFLW0047","WH007","Pacific Hub","789 Ocean Pkwy","San Francisco","CA","94107","USA","PRD00047","Hand Sanitizer","HSANITIZ","transfer","200","bottles","2024-05-28T09:10:00Z","warehouse","WH007","warehouse","WH001","TR-20240528-01","COVID-19 supply transfer","USR0072","Transferred for urgent use."
"INVFLW0048","WH008","Atlantic Fulfillment","200 Harbor Dr","Miami","FL","33101","USA","PRD00048","Tool Belt","TOOLBELT","inbound","80","pieces","2024-05-28T14:00:00Z","supplier","SUP1111","warehouse","WH008","PO-20240528-02","New product added","USR0081","First shipment of new SKU."
"INVFLW0049","WH009","Rocky Mountain Depot","12 Aspen Way","Salt Lake City","UT","84101","USA","PRD00049","Metal Shelving Unit","MSHELFU","adjustment","5","units","2024-05-29T18:30:00Z","warehouse","WH009","warehouse","WH009","ADJ-20240529-01","Lost in handling","USR0094","Warehouse audit loss."
"INVFLW0050","WH010","Delta Transfer","88 River Rd","Memphis","TN","38103","USA","PRD00050","Plastic Crates Large","PCRTLG","transfer","250","pieces","2024-05-30T09:15:00Z","warehouse","WH010","warehouse","WH005","TR-20240530-01","Support new inbound batch","USR0103","Transferred for inbound preparation."
"IFLOW00021","WH002","Southport Central","44 Harbor Dr","Savannah","GA","31401","USA","PRD00121","Double Wall Cardboard Box","BX-DBL-001","inbound","500","pieces","2024-03-07T09:31:00","supplier","SUP-5544","warehouse","WH002","PO-65400121","Restocking from supplier","USR2003","Boxes arrived from supplier, checked for quality."
"IFLOW00022","WH007","Redwood Distribution","1203 Redwood Rd","Portland","OR","97230","USA","PRD00145","Industrial Safety Gloves","GL-IND-045","transfer","1200","pieces","2024-02-16T14:23:00","warehouse","WH007","warehouse","WH011","TRF-20240216-011","Inter-warehouse transfer for north region","USR2091","Transferred gloves for upcoming northern site audit."
"IFLOW00023","WH003","Midwest Hub","18 Riverside Ave","St. Louis","MO","63101","USA","PRD00098","Aluminum Pallet Rack","PR-AL-098","outbound","10","pieces","2024-05-04T13:10:00","warehouse","WH003","customer","CUST-7083","SO-20240504-98","Customer order fulfillment","USR2055","Racks shipped to customer order SO-20240504-98."
"IFLOW00024","WH009","Blue Ridge Storage","105 Mountain View Rd","Asheville","NC","28801","USA","PRD00048","Bubble Wrap Rolls","BW-ROLL-048","adjustment","50","rolls","2024-04-30T10:55:00","warehouse","WH009","warehouse","WH009","INVADJ-0048","Inventory adjustment after damage","USR2018","Damaged rolls removed from inventory count."
"IFLOW00025","WH004","Eastgate Logistics","340 Gate Blvd","Charlotte","NC","28202","USA","PRD00176","Thermal Tape","TT-TH-176","inbound","2500","rolls","2024-03-14T11:05:00","supplier","SUP-1128","warehouse","WH004","PO-112800176","Restocking for spring orders","USR2008","Received thermal tape shipment, batch checked."
"IFLOW00026","WH011","Northfield Depot","208 Maple St","Minneapolis","MN","55401","USA","PRD00024","Heavy Duty Straps","ST-HD-024","outbound","400","pieces","2024-05-09T16:45:00","warehouse","WH011","customer","CUST-9231","SO-20240509-024","Order fulfillment for industrial client","USR2072","Outbound straps for large customer order."
"IFLOW00027","WH005","Pacific Coast Warehouse","900 Pacific Hwy","San Diego","CA","92101","USA","PRD00103","Heat Shrink Film","HS-FLM-103","transfer","3000","kg","2024-01-21T08:30:00","warehouse","WH005","warehouse","WH014","TRF-20240121-014","Bulk transfer for seasonal demand","USR2020","Film transferred to WH014 for spring peak."
"IFLOW00028","WH010","Golden State Storage","55 Citrus Ave","Fresno","CA","93722","USA","PRD00078","Plastic Pallets","PL-PLT-078","adjustment","25","pieces","2024-04-08T12:10:00","warehouse","WH010","warehouse","WH010","INVADJ-0078","Audit adjustment","USR2049","Inventory reconciled after quarterly audit."
"IFLOW00029","WH008","Sunrise Hub","712 Sunrise Cir","Phoenix","AZ","85001","USA","PRD00112","Packing Foam Sheets","PF-SH-112","inbound","10000","pieces","2024-02-28T07:50:00","supplier","SUP-8890","warehouse","WH008","PO-88900112","Bulk restocking","USR2006","Foam sheets checked in and stored in aisle 7."
"IFLOW00030","WH006","Riverbend Warehouse","431 Riverbend Ln","Little Rock","AR","72201","USA","PRD00187","Stretch Wrap","SW-WRP-187","outbound","250","rolls","2024-05-10T15:31:00","warehouse","WH006","customer","CUST-5912","SO-20240510-187","Order fulfillment - packaging supplies","USR2028","Stretch wrap order for Phoenix customer."
"IFLOW00031","WH012","Metro East Distribution","77 Metro Blvd","Kansas City","MO","64108","USA","PRD00134","Steel Banding","SB-STEEL-134","transfer","5000","kg","2024-03-01T10:12:00","warehouse","WH012","warehouse","WH005","TRF-20240301-005","Transfer for Midwest hub","USR2011","Steel banding moved for upcoming construction."
"IFLOW00032","WH002","Southport Central","44 Harbor Dr","Savannah","GA","31401","USA","PRD00109","Wooden Pallets","WP-PLT-109","inbound","1400","pieces","2024-03-19T09:44:00","supplier","SUP-6724","warehouse","WH002","PO-67240109","Restocking for summer contracts","USR2003","Shipment confirmed and logged."
"IFLOW00033","WH009","Blue Ridge Storage","105 Mountain View Rd","Asheville","NC","28801","USA","PRD00118","Packing Tape","PT-PAK-118","outbound","600","rolls","2024-05-01T11:20:00","warehouse","WH009","customer","CUST-1108","SO-20240501-118","Order fulfillment - retail customer","USR2018","Packing tape shipped, tracking sent."
"IFLOW00034","WH013","Grand Prairie Storage","390 Prairie Rd","Dallas","TX","75201","USA","PRD00032","Recycled Paper Rolls","RP-ROLL-032","transfer","7000","rolls","2024-03-28T09:17:00","warehouse","WH013","warehouse","WH008","TRF-20240328-008","Paper roll transfer for packaging","USR2120","Transferred for expanding packing operations."
"IFLOW00035","WH006","Riverbend Warehouse","431 Riverbend Ln","Little Rock","AR","72201","USA","PRD00141","Shipping Labels","SL-LBL-141","inbound","3200","pieces","2024-02-09T09:22:00","supplier","SUP-1201","warehouse","WH006","PO-120100141","Restock shipping labels","USR2028","Labels counted and stored, batch complete."
"IFLOW00036","WH012","Metro East Distribution","77 Metro Blvd","Kansas City","MO","64108","USA","PRD00116","Plastic Crates","PC-CRT-116","adjustment","40","pieces","2024-04-05T11:38:00","warehouse","WH012","warehouse","WH012","INVADJ-0116","Adjustment after shrinkage","USR2011","Crate count reduced after shrinkage report."
"IFLOW00037","WH007","Redwood Distribution","1203 Redwood Rd","Portland","OR","97230","USA","PRD00157","Corrugated Sheets","CS-SHT-157","inbound","4500","pieces","2024-03-11T08:58:00","supplier","SUP-2207","warehouse","WH007","PO-220700157","Bulk restock pre-holiday","USR2091","Corrugated sheets safely stacked."
"IFLOW00038","WH010","Golden State Storage","55 Citrus Ave","Fresno","CA","93722","USA","PRD00123","Metal Fasteners","MF-FST-123","outbound","600","boxes","2024-05-02T14:02:00","warehouse","WH010","customer","CUST-3017","SO-20240502-123","Customer order for construction site","USR2049","Fasteners boxed and shipped."
"IFLOW00039","WH013","Grand Prairie Storage","390 Prairie Rd","Dallas","TX","75201","USA","PRD00182","Foam Corner Protectors","FC-PRT-182","transfer","800","pieces","2024-02-24T13:00:00","warehouse","WH013","warehouse","WH003","TRF-20240224-003","Transfer for new packaging line","USR2120","Protectors transferred for new equipment."
"IFLOW00040","WH014","Lakeside Storage","850 Lakeside Way","Chicago","IL","60601","USA","PRD00127","Shrink Wrap","SW-WRP-127","inbound","2000","rolls","2024-03-24T07:45:00","supplier","SUP-7777","warehouse","WH014","PO-77770127","Restocking for regional demand","USR2032","Shrink wrap rolls inspected and stored."
"IFLOW00041","WH003","Midwest Hub","18 Riverside Ave","St. Louis","MO","63101","USA","PRD00059","Packing Peanuts","PP-PEA-059","adjustment","120","boxes","2024-04-01T10:45:00","warehouse","WH003","warehouse","WH003","INVADJ-0059","Shrinkage adjustment","USR2055","Packing peanuts lost to moisture, adjusted."
"IFLOW00042","WH008","Sunrise Hub","712 Sunrise Cir","Phoenix","AZ","85001","USA","PRD00159","Tape Dispensers","TD-DSP-159","inbound","180","pieces","2024-03-20T08:50:00","supplier","SUP-1247","warehouse","WH008","PO-124700159","Restocking tape dispensers","USR2006","Dispensers checked in, no damage."
"IFLOW00043","WH011","Northfield Depot","208 Maple St","Minneapolis","MN","55401","USA","PRD00021","Plastic Drums","PD-DRM-021","transfer","360","pieces","2024-02-13T15:25:00","warehouse","WH011","warehouse","WH006","TRF-20240213-006","Transfer for new production run","USR2072","Plastic drums sent for production area."
"IFLOW00044","WH004","Eastgate Logistics","340 Gate Blvd","Charlotte","NC","28202","USA","PRD00100","Poly Bags","PB-BAG-100","outbound","750","pieces","2024-05-15T14:11:00","warehouse","WH004","customer","CUST-4428","SO-20240515-100","Retail order shipment","USR2008","Poly bags shipped for retail partner."
"IFLOW00045","WH005","Pacific Coast Warehouse","900 Pacific Hwy","San Diego","CA","92101","USA","PRD00041","Bubble Envelopes","BE-ENV-041","adjustment","30","pieces","2024-04-12T12:30:00","warehouse","WH005","warehouse","WH005","INVADJ-0041","Adjustment after quality check","USR2020","Envelopes removed due to damage."
"IFLOW00046","WH014","Lakeside Storage","850 Lakeside Way","Chicago","IL","60601","USA","PRD00072","Foam Wrap Rolls","FW-ROLL-072","inbound","2800","rolls","2024-03-27T10:03:00","supplier","SUP-9214","warehouse","WH014","PO-92140072","Restocking for local clients","USR2032","Foam wrap rolls stored in section B."
"IFLOW00047","WH002","Southport Central","44 Harbor Dr","Savannah","GA","31401","USA","PRD00004","Packing Cartons","PC-CAR-004","transfer","9000","pieces","2024-01-29T14:40:00","warehouse","WH002","warehouse","WH010","TRF-20240129-010","Bulk transfer for carton demand","USR2003","Transferred cartons for warehouse expansion."
"IFLOW00048","WH007","Redwood Distribution","1203 Redwood Rd","Portland","OR","97230","USA","PRD00161","Paper Tape","PT-TAPE-161","outbound","120","boxes","2024-05-17T13:29:00","warehouse","WH007","customer","CUST-6829","SO-20240517-161","Customer order for tape","USR2091","Paper tape boxes shipped."
"IFLOW00049","WH003","Midwest Hub","18 Riverside Ave","St. Louis","MO","63101","USA","PRD00051","Polypropylene Straps","PS-STR-051","adjustment","60","rolls","2024-04-04T15:18:00","warehouse","WH003","warehouse","WH003","INVADJ-0051","Inventory adjustment after breakage","USR2055","Straps lost to breakage, adjusted."
"IFLOW00050","WH013","Grand Prairie Storage","390 Prairie Rd","Dallas","TX","75201","USA","PRD00172","Plastic Buckets","PB-BKT-172","inbound","1200","pieces","2024-03-06T09:19:00","supplier","SUP-3072","warehouse","WH013","PO-30720172","Bulk restocking for summer","USR2120","Plastic buckets delivered and stored."
"IFLOW00051","WH006","Riverbend Warehouse","431 Riverbend Ln","Little Rock","AR","72201","USA","PRD00129","Shipping Envelopes","SE-ENV-129","outbound","400","boxes","2024-05-11T12:00:00","warehouse","WH006","customer","CUST-5832","SO-20240511-129","Retail order fulfillment","USR2028","Envelopes boxed and shipped."
"IFLOW00052","WH004","Eastgate Logistics","340 Gate Blvd","Charlotte","NC","28202","USA","PRD00135","Plastic Bags","PB-BAG-135","transfer","3000","pieces","2024-02-05T13:31:00","warehouse","WH004","warehouse","WH008","TRF-20240205-008","Transfer to Sunrise Hub for retail","USR2008","Plastic bags transferred for customer orders."
"IFLOW00053","WH014","Lakeside Storage","850 Lakeside Way","Chicago","IL","60601","USA","PRD00153","Rubber Bands","RB-BND-153","adjustment","100","boxes","2024-04-02T15:55:00","warehouse","WH014","warehouse","WH014","INVADJ-0153","Shrinkage adjustment","USR2032","Rubber bands lost to shrinkage, adjusted."
"IFLOW00054","WH012","Metro East Distribution","77 Metro Blvd","Kansas City","MO","64108","USA","PRD00146","Packing Tubes","PT-TUB-146","inbound","500","pieces","2024-03-08T09:15:00","supplier","SUP-4806","warehouse","WH012","PO-48060146","Restocking for packaging","USR2011","Packing tubes delivered and stored."
"IFLOW00055","WH008","Sunrise Hub","712 Sunrise Cir","Phoenix","AZ","85001","USA","PRD00105","Foam Rolls","FR-ROLL-105","outbound","50","rolls","2024-05-05T13:05:00","warehouse","WH008","customer","CUST-9982","SO-20240505-105","Order fulfillment for foam rolls","USR2006","Foam rolls shipped, tracking sent."
"IFLOW00056","WH005","Pacific Coast Warehouse","900 Pacific Hwy","San Diego","CA","92101","USA","PRD00164","Cable Ties","CT-TIE-164","transfer","4000","pieces","2024-01-31T11:17:00","warehouse","WH005","warehouse","WH013","TRF-20240131-013","Transfer for cable tie demand","USR2020","Cable ties transferred for retail expansion."
"IFLOW00057","WH013","Grand Prairie Storage","390 Prairie Rd","Dallas","TX","75201","USA","PRD00077","Plastic Pouches","PP-POU-077","inbound","6000","pieces","2024-03-21T10:35:00","supplier","SUP-5612","warehouse","WH013","PO-56120077","Bulk restocking for summer","USR2120","Plastic pouches delivered, checked for defects."
"IFLOW00058","WH012","Metro East Distribution","77 Metro Blvd","Kansas City","MO","64108","USA","PRD00108","Stretch Film","SF-FLM-108","outbound","300","rolls","2024-05-14T16:00:00","warehouse","WH012","customer","CUST-6422","SO-20240514-108","Order fulfillment - packaging","USR2011","Stretch film boxed and shipped."
"IFLOW00059","WH014","Lakeside Storage","850 Lakeside Way","Chicago","IL","60601","USA","PRD00184","Foam Blocks","FB-BLK-184","adjustment","90","pieces","2024-04-03T14:44:00","warehouse","WH014","warehouse","WH014","INVADJ-0184","Adjustment after shrinkage","USR2032","Foam blocks adjusted after audit."
"IFLOW00060","WH003","Midwest Hub","18 Riverside Ave","St. Louis","MO","63101","USA","PRD00138","Bubble Bags","BB-BAG-138","inbound","2000","pieces","2024-03-09T09:47:00","supplier","SUP-6432","warehouse","WH003","PO-643200138","Restocking for Q2","USR2055","Bubble bags checked in for Q2 orders."
"IFLOW00061","WH002","Southport Central","44 Harbor Dr","Savannah","GA","31401","USA","PRD00102","Paperboard Sheets","PS-SHT-102","outbound","1000","pieces","2024-05-13T10:50:00","warehouse","WH002","customer","CUST-4552","SO-20240513-102","Customer order for paperboard","USR2003","Sheets shipped, delivery scheduled."
"IFLOW00062","WH011","Northfield Depot","208 Maple St","Minneapolis","MN","55401","USA","PRD00143","Tape Rollers","TR-ROL-143","transfer","600","pieces","2024-02-20T10:38:00","warehouse","WH011","warehouse","WH006","TRF-20240220-006","Transfer for new product launch","USR2072","Tape rollers sent for retail launch."
"IFLOW00063","WH009","Blue Ridge Storage","105 Mountain View Rd","Asheville","NC","28801","USA","PRD00188","Poly Strapping","PS-STR-188","inbound","3000","rolls","2024-03-13T11:57:00","supplier","SUP-4857","warehouse","WH009","PO-48570188","Restocking for new contracts","USR2018","Poly strapping arrived, batch checked."
"IFLOW00064","WH006","Riverbend Warehouse","431 Riverbend Ln","Little Rock","AR","72201","USA","PRD00088","Plastic Boxes","PB-BOX-088","outbound","60","boxes","2024-05-16T16:23:00","warehouse","WH006","customer","CUST-9038","SO-20240516-088","Customer shipping order","USR2028","Plastic boxes shipped on pallet."
"IFLOW00065","WH014","Lakeside Storage","850 Lakeside Way","Chicago","IL","60601","USA","PRD00106","Corrugated Boxes","CB-BOX-106","transfer","8000","pieces","2024-01-25T12:18:00","warehouse","WH014","warehouse","WH004","TRF-20240125-004","Bulk transfer for new contracts","USR2032","Boxes transferred for contract launch."
"IFLOW00066","WH007","Redwood Distribution","1203 Redwood Rd","Portland","OR","97230","USA","PRD00061","Stretch Bands","SB-BND-061","inbound","250","boxes","2024-03-15T09:08:00","supplier","SUP-9061","warehouse","WH007","PO-90610061","Restocking for new contracts","USR2091","Stretch bands received and counted."
"IFLOW00067","WH013","Grand Prairie Storage","390 Prairie Rd","Dallas","TX","75201","USA","PRD00180","Packing Clips","PC-CLP-180","adjustment","70","boxes","2024-04-11T14:15:00","warehouse","WH013","warehouse","WH013","INVADJ-0180","Shrinkage after loss","USR2120","Packing clips lost to theft, adjusted."
"IFLOW00068","WH004","Eastgate Logistics","340 Gate Blvd","Charlotte","NC","28202","USA","PRD00122","Packing Paper","PP-PAPER-122","inbound","1500","pieces","2024-03-18T08:51:00","supplier","SUP-8822","warehouse","WH004","PO-88220122","Restocking for Q2","USR2008","Packing paper checked in and stored."
"IFLOW00069","WH010","Golden State Storage","55 Citrus Ave","Fresno","CA","93722","USA","PRD00190","Steel Fasteners","SF-FST-190","outbound","400","boxes","2024-05-12T10:55:00","warehouse","WH010","customer","CUST-3017","SO-20240512-190","Customer order for construction","USR2049","Steel fasteners delivered to customer."
"IFLOW00070","WH011","Northfield Depot","208 Maple St","Minneapolis","MN","55401","USA","PRD00150","Shipping Tubes","ST-TUB-150","transfer","200","pieces","2024-02-27T13:52:00","warehouse","WH011","warehouse","WH002","TRF-20240227-002","Transfer for packaging supplies","USR2072","Shipping tubes moved for packaging."
"IFL0000253","WH526","Central Distribution","45 Orchard Blvd","Dallas","TX","75207","USA","PRD00532","Industrial Packing Tape","TAPE-5280","inbound","3400","pieces","2024-05-07T10:22:00Z","supplier","SUP321","warehouse","WH526","PO-6872034","restocking","USR2103","Bulk order received from primary supplier"
"IFL0000254","WH317","Metro North","7217 Northgate Rd","Detroit","MI","48234","USA","PRD00988","Multi-Grade Motor Oil","OIL-9902","outbound","180","boxes","2024-05-08T16:44:00Z","warehouse","WH317","customer","CST987","SO-9812032","order fulfillment","USR1187","Shipped for automotive service client"
"IFL0000255","WH455","Pacific Storage","1608 Sand Hill Rd","San Jose","CA","95134","USA","PRD00647","Plastic Pallet","PAL-0064","transfer","150","pieces","2024-05-09T13:11:00Z","warehouse","WH455","warehouse","WH403","TR-5269032","redistribution","USR3049","Moved to balance storage at Eastside facility"
"IFL0000256","WH403","Eastside Logistics","809 Wilton St","San Jose","CA","95134","USA","PRD00215","Corrugated Cardboard Sheets","CRDB-2150","adjustment","30","boxes","2024-05-10T09:28:00Z","warehouse","WH403","warehouse","WH403","ADJ-220014","damage adjustment","USR1884","Damaged units found during stock review"
"IFL0000257","WH282","Mountain Valley Storage","3154 Pinewood Ave","Denver","CO","80216","USA","PRD00129","Stainless Steel Drum","DRUM-1290","inbound","85","pieces","2024-05-11T14:31:00Z","supplier","SUP187","warehouse","WH282","PO-9821342","restocking","USR2104","Routine delivery from preferred supplier"
"IFL0000258","WH526","Central Distribution","45 Orchard Blvd","Dallas","TX","75207","USA","PRD00334","Handheld Label Printer","LBL-PRT-334","outbound","22","pieces","2024-05-11T17:18:00Z","warehouse","WH526","customer","CST721","SO-2348923","order fulfillment","USR2209","Urgent order for retail partner"
"IFL0000259","WH282","Mountain Valley Storage","3154 Pinewood Ave","Denver","CO","80216","USA","PRD00844","Aluminum Shipping Crate","CRATE-844","transfer","40","pieces","2024-05-12T09:12:00Z","warehouse","WH282","warehouse","WH526","TR-9382741","redistribution","USR3049","Crates moved to central warehouse for allocation"
"IFL0000260","WH317","Metro North","7217 Northgate Rd","Detroit","MI","48234","USA","PRD00472","Safety Gloves","GLOV-4721","inbound","1200","boxes","2024-05-13T12:43:00Z","supplier","SUP182","warehouse","WH317","PO-6721128","restocking","USR2103","Gloves for upcoming safety campaign"
"IFL0000261","WH403","Eastside Logistics","809 Wilton St","San Jose","CA","95134","USA","PRD00215","Corrugated Cardboard Sheets","CRDB-2150","outbound","48","boxes","2024-05-13T17:06:00Z","warehouse","WH403","customer","CST234","SO-9812347","order fulfillment","USR1187","Order shipped to local paper manufacturer"
"IFL0000262","WH526","Central Distribution","45 Orchard Blvd","Dallas","TX","75207","USA","PRD00532","Industrial Packing Tape","TAPE-5280","transfer","600","pieces","2024-05-14T09:45:00Z","warehouse","WH526","warehouse","WH317","TR-6201348","redistribution","USR3049","Excess tape moved to Detroit Metro North"
"IFL0000263","WH455","Pacific Storage","1608 Sand Hill Rd","San Jose","CA","95134","USA","PRD00988","Multi-Grade Motor Oil","OIL-9902","adjustment","10","boxes","2024-05-14T11:19:00Z","warehouse","WH455","warehouse","WH455","ADJ-220015","audit adjustment","USR1884","Inventory count reconciled after audit"
"IFL0000264","WH282","Mountain Valley Storage","3154 Pinewood Ave","Denver","CO","80216","USA","PRD00334","Handheld Label Printer","LBL-PRT-334","inbound","28","pieces","2024-05-15T08:16:00Z","supplier","SUP191","warehouse","WH282","PO-7720090","restocking","USR2104","Received new batch from office supplier"
"IFL0000265","WH317","Metro North","7217 Northgate Rd","Detroit","MI","48234","USA","PRD00129","Stainless Steel Drum","DRUM-1290","outbound","44","pieces","2024-05-15T13:52:00Z","warehouse","WH317","customer","CST600","SO-8812345","order fulfillment","USR2209","Order for chemical plant client"
"IFL0000266","WH455","Pacific Storage","1608 Sand Hill Rd","San Jose","CA","95134","USA","PRD00844","Aluminum Shipping Crate","CRATE-844","transfer","60","pieces","2024-05-15T14:37:00Z","warehouse","WH455","warehouse","WH282","TR-1923104","redistribution","USR3049","Shipping crates moved to Denver for regional allocation"
"IFL0000267","WH526","Central Distribution","45 Orchard Blvd","Dallas","TX","75207","USA","PRD00472","Safety Gloves","GLOV-4721","adjustment","15","boxes","2024-05-16T11:02:00Z","warehouse","WH526","warehouse","WH526","ADJ-220016","damage adjustment","USR1884","Boxes damaged in recent delivery"
"IFL0000268","WH403","Eastside Logistics","809 Wilton St","San Jose","CA","95134","USA","PRD00532","Industrial Packing Tape","TAPE-5280","inbound","2800","pieces","2024-05-16T14:03:00Z","supplier","SUP321","warehouse","WH403","PO-6872035","restocking","USR2103","Packing tape replenished for upcoming orders"
"IFL0000269","WH282","Mountain Valley Storage","3154 Pinewood Ave","Denver","CO","80216","USA","PRD00988","Multi-Grade Motor Oil","OIL-9902","outbound","95","boxes","2024-05-17T16:24:00Z","warehouse","WH282","customer","CST901","SO-9812033","order fulfillment","USR1187","Motor oil order for local garage"
"IFL0000270","WH317","Metro North","7217 Northgate Rd","Detroit","MI","48234","USA","PRD00844","Aluminum Shipping Crate","CRATE-844","transfer","35","pieces","2024-05-18T10:09:00Z","warehouse","WH317","warehouse","WH282","TR-8765432","redistribution","USR3049","Crates moved for inventory balancing"
"IFL0000271","WH455","Pacific Storage","1608 Sand Hill Rd","San Jose","CA","95134","USA","PRD00334","Handheld Label Printer","LBL-PRT-334","adjustment","7","pieces","2024-05-18T12:38:00Z","warehouse","WH455","warehouse","WH455","ADJ-220017","audit adjustment","USR1884","Adjustment after annual audit"
"IFL0000272","WH526","Central Distribution","45 Orchard Blvd","Dallas","TX","75207","USA","PRD00129","Stainless Steel Drum","DRUM-1290","inbound","98","pieces","2024-05-18T16:13:00Z","supplier","SUP187","warehouse","WH526","PO-9821343","restocking","USR2104","Drums received for industrial shipment"
"IFL0000273","WH403","Eastside Logistics","809 Wilton St","San Jose","CA","95134","USA","PRD00472","Safety Gloves","GLOV-4721","outbound","36","boxes","2024-05-19T08:01:00Z","warehouse","WH403","customer","CST345","SO-9812348","order fulfillment","USR2209","Gloves shipped to construction partner"
"IFL0000274","WH282","Mountain Valley Storage","3154 Pinewood Ave","Denver","CO","80216","USA","PRD00532","Industrial Packing Tape","TAPE-5280","transfer","900","pieces","2024-05-19T12:36:00Z","warehouse","WH282","warehouse","WH455","TR-1923105","redistribution","USR3049","Packing tape sent to Pacific Storage"
"IFL0000275","WH317","Metro North","7217 Northgate Rd","Detroit","MI","48234","USA","PRD00988","Multi-Grade Motor Oil","OIL-9902","adjustment","18","boxes","2024-05-20T10:05:00Z","warehouse","WH317","warehouse","WH317","ADJ-220018","leakage adjustment","USR1884","Motor oil boxes adjusted due to leakage"
"IFL0000276","WH455","Pacific Storage","1608 Sand Hill Rd","San Jose","CA","95134","USA","PRD00334","Handheld Label Printer","LBL-PRT-334","inbound","34","pieces","2024-05-20T14:44:00Z","supplier","SUP191","warehouse","WH455","PO-7720091","restocking","USR2103","Label printers delivered for Q2 sales"
"IFL0000277","WH526","Central Distribution","45 Orchard Blvd","Dallas","TX","75207","USA","PRD00844","Aluminum Shipping Crate","CRATE-844","outbound","53","pieces","2024-05-21T08:19:00Z","warehouse","WH526","customer","CST932","SO-9812034","order fulfillment","USR2209","Crates shipped per expedited request"
"IFL0000278","WH403","Eastside Logistics","809 Wilton St","San Jose","CA","95134","USA","PRD00129","Stainless Steel Drum","DRUM-1290","transfer","70","pieces","2024-05-21T11:24:00Z","warehouse","WH403","warehouse","WH317","TR-6201349","redistribution","USR3049","Drums sent to Metro North for processing"
"IFL0000279","WH282","Mountain Valley Storage","3154 Pinewood Ave","Denver","CO","80216","USA","PRD00472","Safety Gloves","GLOV-4721","adjustment","20","boxes","2024-05-21T14:29:00Z","warehouse","WH282","warehouse","WH282","ADJ-220019","damage adjustment","USR1884","Damaged gloves removed from stock"
"IFL0000280","WH317","Metro North","7217 Northgate Rd","Detroit","MI","48234","USA","PRD00532","Industrial Packing Tape","TAPE-5280","inbound","4100","pieces","2024-05-22T09:48:00Z","supplier","SUP321","warehouse","WH317","PO-6872036","restocking","USR2103","Packing tape restocked for Q2"
"IFL0000281","WH455","Pacific Storage","1608 Sand Hill Rd","San Jose","CA","95134","USA","PRD00988","Multi-Grade Motor Oil","OIL-9902","outbound","82","boxes","2024-05-22T17:34:00Z","warehouse","WH455","customer","CST444","SO-9812035","order fulfillment","USR1187","Motor oil boxes shipped to local distributor"
"IFL0000282","WH282","Mountain Valley Storage","3154 Pinewood Ave","Denver","CO","80216","USA","PRD00334","Handheld Label Printer","LBL-PRT-334","transfer","50","pieces","2024-05-23T08:27:00Z","warehouse","WH282","warehouse","WH403","TR-9382742","redistribution","USR3049","Label printers moved for promotional campaign"
"IFL0000283","WH317","Metro North","7217 Northgate Rd","Detroit","MI","48234","USA","PRD00215","Corrugated Cardboard Sheets","CRDB-2150","adjustment","25","boxes","2024-05-23T11:59:00Z","warehouse","WH317","warehouse","WH317","ADJ-220020","audit adjustment","USR1884","Cardboard count corrected after stocktake"
"IFL0000284","WH455","Pacific Storage","1608 Sand Hill Rd","San Jose","CA","95134","USA","PRD00532","Industrial Packing Tape","TAPE-5280","inbound","2500","pieces","2024-05-24T09:23:00Z","supplier","SUP321","warehouse","WH455","PO-6872037","restocking","USR2104","Packing tape received for Q3"
"IFL0000285","WH526","Central Distribution","45 Orchard Blvd","Dallas","TX","75207","USA","PRD00988","Multi-Grade Motor Oil","OIL-9902","outbound","120","boxes","2024-05-24T13:45:00Z","warehouse","WH526","customer","CST654","SO-9812036","order fulfillment","USR2209","Oil order for logistics partner"
"IFL0000286","WH403","Eastside Logistics","809 Wilton St","San Jose","CA","95134","USA","PRD00844","Aluminum Shipping Crate","CRATE-844","transfer","75","pieces","2024-05-24T16:29:00Z","warehouse","WH403","warehouse","WH317","TR-8765433","redistribution","USR3049","Crates sent to Detroit for project"
"IFL0000287","WH282","Mountain Valley Storage","3154 Pinewood Ave","Denver","CO","80216","USA","PRD00215","Corrugated Cardboard Sheets","CRDB-2150","adjustment","12","boxes","2024-05-25T08:53:00Z","warehouse","WH282","warehouse","WH282","ADJ-220021","damage adjustment","USR1884","Boxes removed after water damage"
"IFL0000288","WH317","Metro North","7217 Northgate Rd","Detroit","MI","48234","USA","PRD00334","Handheld Label Printer","LBL-PRT-334","inbound","45","pieces","2024-05-25T14:10:00Z","supplier","SUP191","warehouse","WH317","PO-7720092","restocking","USR2103","Label printers for Q3 rollout"
"IFL0000289","WH455","Pacific Storage","1608 Sand Hill Rd","San Jose","CA","95134","USA","PRD00129","Stainless Steel Drum","DRUM-1290","outbound","62","pieces","2024-05-26T11:42:00Z","warehouse","WH455","customer","CST423","SO-8812346","order fulfillment","USR2209","Order for beverage manufacturer"
"IFL0000290","WH526","Central Distribution","45 Orchard Blvd","Dallas","TX","75207","USA","PRD00844","Aluminum Shipping Crate","CRATE-844","transfer","80","pieces","2024-05-26T13:33:00Z","warehouse","WH526","warehouse","WH403","TR-1923106","redistribution","USR3049","Shipping crates moved for warehouse expansion"
"IFL0000291","WH403","Eastside Logistics","809 Wilton St","San Jose","CA","95134","USA","PRD00532","Industrial Packing Tape","TAPE-5280","adjustment","14","pieces","2024-05-27T09:51:00Z","warehouse","WH403","warehouse","WH403","ADJ-220022","damage adjustment","USR1884","Tape rolls damaged during handling"
"IFL0000292","WH282","Mountain Valley Storage","3154 Pinewood Ave","Denver","CO","80216","USA","PRD00988","Multi-Grade Motor Oil","OIL-9902","inbound","230","boxes","2024-05-27T12:17:00Z","supplier","SUP182","warehouse","WH282","PO-6721129","restocking","USR2104","Motor oil for Q3 prep"
"IFL0000293","WH317","Metro North","7217 Northgate Rd","Detroit","MI","48234","USA","PRD00844","Aluminum Shipping Crate","CRATE-844","outbound","57","pieces","2024-05-28T08:25:00Z","warehouse","WH317","customer","CST901","SO-9812037","order fulfillment","USR1187","Crate shipment for furniture client"
"IFL0000294","WH455","Pacific Storage","1608 Sand Hill Rd","San Jose","CA","95134","USA","PRD00472","Safety Gloves","GLOV-4721","transfer","65","boxes","2024-05-28T11:14:00Z","warehouse","WH455","warehouse","WH403","TR-6201350","redistribution","USR3049","Gloves sent to Eastside for safety drive"
"IFL0000295","WH526","Central Distribution","45 Orchard Blvd","Dallas","TX","75207","USA","PRD00334","Handheld Label Printer","LBL-PRT-334","adjustment","6","pieces","2024-05-29T09:32:00Z","warehouse","WH526","warehouse","WH526","ADJ-220023","audit adjustment","USR1884","Printers counted during quarterly audit"
"IFL0000296","WH403","Eastside Logistics","809 Wilton St","San Jose","CA","95134","USA","PRD00129","Stainless Steel Drum","DRUM-1290","inbound","105","pieces","2024-05-29T14:27:00Z","supplier","SUP187","warehouse","WH403","PO-9821344","restocking","USR2103","Drums replenished for Q3"
"IFL0000297","WH282","Mountain Valley Storage","3154 Pinewood Ave","Denver","CO","80216","USA","PRD00532","Industrial Packing Tape","TAPE-5280","outbound","60","pieces","2024-05-30T11:53:00Z","warehouse","WH282","customer","CST721","SO-2348924","order fulfillment","USR2209","Order for office supply store"
"IFL0000298","WH317","Metro North","7217 Northgate Rd","Detroit","MI","48234","USA","PRD00129","Stainless Steel Drum","DRUM-1290","transfer","48","pieces","2024-05-30T14:41:00Z","warehouse","WH317","warehouse","WH526","TR-6201351","redistribution","USR3049","Drums moved to Dallas for expansion"
"IFL0000299","WH455","Pacific Storage","1608 Sand Hill Rd","San Jose","CA","95134","USA","PRD00844","Aluminum Shipping Crate","CRATE-844","adjustment","8","pieces","2024-05-31T09:42:00Z","warehouse","WH455","warehouse","WH455","ADJ-220024","audit adjustment","USR1884","Adjustment for June inventory count"
"IFL0000300","WH526","Central Distribution","45 Orchard Blvd","Dallas","TX","75207","USA","PRD00334","Handheld Label Printer","LBL-PRT-334","inbound","38","pieces","2024-05-31T13:29:00Z","supplier","SUP191","warehouse","WH526","PO-7720093","restocking","USR2104","Label printers delivered for Q3"
"IF00400001","WH600","Pacific Storage Center","451 Oceanic Way","San Diego","CA","92121","USA","PRD38001","Bluetooth Wireless Mouse","MW-BT-001","inbound","240","pieces","2023-01-09T10:21:00","supplier","SPL09101","warehouse","WH600","PO-202301-0009","restocking from supplier","USR5101","Inbound shipment scanned and verified."
"IF00400002","WH602","Lakeview Distribution","89 Lake Ave","Buffalo","NY","14202","USA","PRD38002","LED Desk Lamp","DL-LED-002","outbound","75","boxes","2023-01-09T11:15:00","warehouse","WH602","customer","CST2098","SO-202301-0015","order fulfillment","USR5102","Packed and shipped via ground service."
"IF00400003","WH604","Green Valley Hub","190 Green St","Denver","CO","80203","USA","PRD38003","Ergonomic Office Chair","OC-ERG-003","transfer","120","pieces","2023-01-09T12:18:00","warehouse","WH604","warehouse","WH608","TO-202301-0003","balancing inventory","USR5103","Transferred to satellite facility."
"IF00400004","WH606","Sunrise Fulfillment","77 Sunrise Blvd","Phoenix","AZ","85016","USA","PRD38004","USB-C Charging Cable","CB-USBC-004","inbound","500","pieces","2023-01-09T13:42:00","supplier","SPL09104","warehouse","WH606","PO-202301-0032","restocking from supplier","USR5104","Received and counted by receiving team."
"IF00400005","WH608","Metro Logistics","151 Metro Rd","Chicago","IL","60616","USA","PRD38005","Portable Power Bank","PB-PORT-005","outbound","60","boxes","2023-01-09T14:55:00","warehouse","WH608","customer","CST2101","SO-202301-0022","order fulfillment","USR5105","Order shipped to customer."
"IF00400006","WH610","Bay Area Storage","265 Bay St","San Francisco","CA","94124","USA","PRD38006","Noise Cancelling Headphones","HP-NC-006","adjustment","7","pieces","2023-01-09T15:49:00","warehouse","WH610","warehouse","WH610","ADJ-202301-0001","inventory audit adjustment","USR5106","Stock count corrected after audit."
"IF00400007","WH600","Pacific Storage Center","451 Oceanic Way","San Diego","CA","92121","USA","PRD38007","Smart Table Lamp","STL-007","inbound","310","pieces","2023-01-10T09:07:00","supplier","SPL09107","warehouse","WH600","PO-202301-0048","restocking from supplier","USR5107","New shipment received from supplier."
"IF00400008","WH612","Canyon Distribution","112 Canyon Rd","Salt Lake City","UT","84104","USA","PRD38008","Wireless Keyboard","WK-008","outbound","95","boxes","2023-01-10T10:33:00","warehouse","WH612","customer","CST2112","SO-202301-0035","order fulfillment","USR5108","Packed and shipped with express service."
"IF00400009","WH614","Rocky Mountain Hub","990 Rocky Dr","Boise","ID","83702","USA","PRD38009","Laptop Stand","LS-009","transfer","42","pieces","2023-01-10T11:22:00","warehouse","WH614","warehouse","WH618","TO-202301-0009","balancing inventory","USR5109","Stock transferred for regional demand."
"IF00400010","WH616","Delta Logistics","650 Delta Ave","Seattle","WA","98108","USA","PRD38010","USB Flash Drive 64GB","FD-64GB-010","inbound","400","pieces","2023-01-10T12:39:00","supplier","SPL09110","warehouse","WH616","PO-202301-0063","restocking from supplier","USR5110","Product received and entered in system."
"IF00400011","WH618","Cascade Distribution","300 Cascade St","Portland","OR","97210","USA","PRD38011","Mini Bluetooth Speaker","SP-MINI-011","outbound","150","boxes","2023-01-10T13:55:00","warehouse","WH618","customer","CST2125","SO-202301-0041","order fulfillment","USR5111","Order shipped to customer."
"IF00400012","WH620","Timberline Storage","455 Timberline Rd","Reno","NV","89502","USA","PRD38012","Desk Organizer Tray","DOT-012","adjustment","3","pieces","2023-01-10T14:44:00","warehouse","WH620","warehouse","WH620","ADJ-202301-0002","inventory audit adjustment","USR5112","Adjustment due to damaged goods."
"IF00400013","WH622","Northwoods Logistics","888 Northwoods Ln","Spokane","WA","99201","USA","PRD38013","Wireless Earbuds","WE-013","inbound","260","pieces","2023-01-11T09:18:00","supplier","SPL09113","warehouse","WH622","PO-202301-0085","restocking from supplier","USR5113","Received and counted by receiving team."
"IF00400014","WH624","Riverbend Fulfillment","55 Riverbend Ave","Sacramento","CA","95814","USA","PRD38014","Adjustable Monitor Stand","AMS-014","outbound","80","boxes","2023-01-11T10:25:00","warehouse","WH624","customer","CST2133","SO-202301-0053","order fulfillment","USR5114","Order shipped to customer."
"IF00400015","WH600","Pacific Storage Center","451 Oceanic Way","San Diego","CA","92121","USA","PRD38015","Laptop Cooling Pad","LCP-015","transfer","210","pieces","2023-01-11T11:30:00","warehouse","WH600","warehouse","WH604","TO-202301-0018","balancing inventory","USR5115","Transferred to satellite facility."
"IF00400016","WH602","Lakeview Distribution","89 Lake Ave","Buffalo","NY","14202","USA","PRD38016","Wireless Router","WR-016","inbound","180","pieces","2023-01-11T12:15:00","supplier","SPL09116","warehouse","WH602","PO-202301-0102","restocking from supplier","USR5116","Shipment received and inspected."
"IF00400017","WH604","Green Valley Hub","190 Green St","Denver","CO","80203","USA","PRD38017","Smart Plug Pack","SPP-017","outbound","45","boxes","2023-01-11T13:22:00","warehouse","WH604","customer","CST2141","SO-202301-0071","order fulfillment","USR5117","Order shipped to customer."
"IF00400018","WH606","Sunrise Fulfillment","77 Sunrise Blvd","Phoenix","AZ","85016","USA","PRD38018","HDMI Cable 6ft","HC-6-018","adjustment","4","pieces","2023-01-11T14:41:00","warehouse","WH606","warehouse","WH606","ADJ-202301-0003","inventory audit adjustment","USR5118","Adjustment due to damaged goods."
"IF00400019","WH608","Metro Logistics","151 Metro Rd","Chicago","IL","60616","USA","PRD38019","External Hard Drive 1TB","EHD-1TB-019","inbound","90","pieces","2023-01-12T09:30:00","supplier","SPL09119","warehouse","WH608","PO-202301-0114","restocking from supplier","USR5119","Shipment received and entered in system."
"IF00400020","WH610","Bay Area Storage","265 Bay St","San Francisco","CA","94124","USA","PRD38020","Wireless Presentation Remote","WPR-020","outbound","25","boxes","2023-01-12T10:17:00","warehouse","WH610","customer","CST2150","SO-202301-0082","order fulfillment","USR5120","Order shipped to customer."
"IF00400021","WH612","Canyon Distribution","112 Canyon Rd","Salt Lake City","UT","84104","USA","PRD38021","Desk Mat XL","DM-XL-021","transfer","62","pieces","2023-01-12T11:33:00","warehouse","WH612","warehouse","WH614","TO-202301-0024","balancing inventory","USR5121","Transferred to regional hub."
"IF00400022","WH614","Rocky Mountain Hub","990 Rocky Dr","Boise","ID","83702","USA","PRD38022","Portable Speaker","PS-022","inbound","135","pieces","2023-01-12T12:47:00","supplier","SPL09122","warehouse","WH614","PO-202301-0129","restocking from supplier","USR5122","Shipment received and entered in system."
"IF00400023","WH616","Delta Logistics","650 Delta Ave","Seattle","WA","98108","USA","PRD38023","Wireless Charging Pad","WCP-023","outbound","60","boxes","2023-01-12T13:34:00","warehouse","WH616","customer","CST2162","SO-202301-0097","order fulfillment","USR5123","Order shipped to customer."
"IF00400024","WH618","Cascade Distribution","300 Cascade St","Portland","OR","97210","USA","PRD38024","Monitor Arm","MA-024","adjustment","2","pieces","2023-01-12T14:41:00","warehouse","WH618","warehouse","WH618","ADJ-202301-0004","inventory audit adjustment","USR5124","Adjustment due to lost item."
"IF00400025","WH620","Timberline Storage","455 Timberline Rd","Reno","NV","89502","USA","PRD38025","Wireless Mouse Pad","WMP-025","inbound","195","pieces","2023-01-13T09:25:00","supplier","SPL09125","warehouse","WH620","PO-202301-0147","restocking from supplier","USR5125","Shipment received and entered in system."
"IF00400026","WH622","Northwoods Logistics","888 Northwoods Ln","Spokane","WA","99201","USA","PRD38026","Multiport USB Hub","MH-026","outbound","38","boxes","2023-01-13T10:09:00","warehouse","WH622","customer","CST2173","SO-202301-0116","order fulfillment","USR5126","Order shipped to customer."
"IF00400027","WH624","Riverbend Fulfillment","55 Riverbend Ave","Sacramento","CA","95814","USA","PRD38027","HDMI Adapter","HA-027","transfer","110","pieces","2023-01-13T11:33:00","warehouse","WH624","warehouse","WH628","TO-202301-0037","balancing inventory","USR5127","Transferred to satellite facility."
"IF00400028","WH600","Pacific Storage Center","451 Oceanic Way","San Diego","CA","92121","USA","PRD38028","Portable Projector","PP-028","inbound","120","pieces","2023-01-13T12:15:00","supplier","SPL09128","warehouse","WH600","PO-202301-0163","restocking from supplier","USR5128","Shipment received and entered in system."
"IF00400029","WH602","Lakeview Distribution","89 Lake Ave","Buffalo","NY","14202","USA","PRD38029","Mechanical Keyboard","MK-029","outbound","52","boxes","2023-01-13T13:29:00","warehouse","WH602","customer","CST2188","SO-202301-0132","order fulfillment","USR5129","Order shipped to customer."
"IF00400030","WH604","Green Valley Hub","190 Green St","Denver","CO","80203","USA","PRD38030","Monitor Privacy Screen","MPS-030","adjustment","5","pieces","2023-01-13T14:42:00","warehouse","WH604","warehouse","WH604","ADJ-202301-0005","inventory audit adjustment","USR5130","Adjustment due to lost item."
"IF00400031","WH606","Sunrise Fulfillment","77 Sunrise Blvd","Phoenix","AZ","85016","USA","PRD38031","Wireless Charging Dock","WCD-031","inbound","210","pieces","2023-01-14T09:42:00","supplier","SPL09131","warehouse","WH606","PO-202301-0180","restocking from supplier","USR5131","Shipment received and entered in system."
"IF00400032","WH608","Metro Logistics","151 Metro Rd","Chicago","IL","60616","USA","PRD38032","USB-C Multiport Adapter","UCMA-032","outbound","33","boxes","2023-01-14T10:33:00","warehouse","WH608","customer","CST2202","SO-202301-0146","order fulfillment","USR5132","Order shipped to customer."
"IF00400033","WH610","Bay Area Storage","265 Bay St","San Francisco","CA","94124","USA","PRD38033","Wireless Charging Stand","WCS-033","transfer","90","pieces","2023-01-14T11:20:00","warehouse","WH610","warehouse","WH614","TO-202301-0043","balancing inventory","USR5133","Transferred to regional hub."
"IF00400034","WH612","Canyon Distribution","112 Canyon Rd","Salt Lake City","UT","84104","USA","PRD38034","Laptop Sleeve","LSLV-034","inbound","150","pieces","2023-01-14T12:45:00","supplier","SPL09134","warehouse","WH612","PO-202301-0192","restocking from supplier","USR5134","Shipment received and entered in system."
"IF00400035","WH614","Rocky Mountain Hub","990 Rocky Dr","Boise","ID","83702","USA","PRD38035","HDMI Splitter","HMS-035","outbound","27","boxes","2023-01-14T13:32:00","warehouse","WH614","customer","CST2217","SO-202301-0161","order fulfillment","USR5135","Order shipped to customer."
"IF00400036","WH616","Delta Logistics","650 Delta Ave","Seattle","WA","98108","USA","PRD38036","Desk Lamp","DL-036","adjustment","6","pieces","2023-01-14T14:41:00","warehouse","WH616","warehouse","WH616","ADJ-202301-0006","inventory audit adjustment","USR5136","Adjustment due to lost item."
"IF00400037","WH618","Cascade Distribution","300 Cascade St","Portland","OR","97210","USA","PRD38037","Gaming Mouse","GM-037","inbound","170","pieces","2023-01-15T09:18:00","supplier","SPL09137","warehouse","WH618","PO-202301-0205","restocking from supplier","USR5137","Shipment received and entered in system."
"IF00400038","WH620","Timberline Storage","455 Timberline Rd","Reno","NV","89502","USA","PRD38038","Bluetooth Speaker","BS-038","outbound","20","boxes","2023-01-15T10:33:00","warehouse","WH620","customer","CST2230","SO-202301-0175","order fulfillment","USR5138","Order shipped to customer."
"IF00400039","WH622","Northwoods Logistics","888 Northwoods Ln","Spokane","WA","99201","USA","PRD38039","Desk Organizer","DO-039","transfer","20","pieces","2023-01-15T11:33:00","warehouse","WH622","warehouse","WH624","TO-202301-0056","balancing inventory","USR5139","Transferred to satellite facility."
"IF00400040","WH624","Riverbend Fulfillment","55 Riverbend Ave","Sacramento","CA","95814","USA","PRD38040","Monitor Stand","MS-040","inbound","110","pieces","2023-01-15T12:25:00","supplier","SPL09140","warehouse","WH624","PO-202301-0219","restocking from supplier","USR5140","Shipment received and entered in system."
"IF00400041","WH600","Pacific Storage Center","451 Oceanic Way","San Diego","CA","92121","USA","PRD38041","Desk Mat","DM-041","outbound","15","boxes","2023-01-15T13:31:00","warehouse","WH600","customer","CST2241","SO-202301-0190","order fulfillment","USR5141","Order shipped to customer."
"IF00400042","WH602","Lakeview Distribution","89 Lake Ave","Buffalo","NY","14202","USA","PRD38042","Monitor Privacy Filter","MPF-042","adjustment","2","pieces","2023-01-15T14:41:00","warehouse","WH602","warehouse","WH602","ADJ-202301-0007","inventory audit adjustment","USR5142","Adjustment due to lost item."
"IF00400043","WH604","Green Valley Hub","190 Green St","Denver","CO","80203","USA","PRD38043","Gaming Keyboard","GK-043","inbound","175","pieces","2023-01-16T09:21:00","supplier","SPL09143","warehouse","WH604","PO-202301-0230","restocking from supplier","USR5143","Shipment received and entered in system."
"IF00400044","WH606","Sunrise Fulfillment","77 Sunrise Blvd","Phoenix","AZ","85016","USA","PRD38044","Monitor Riser","MR-044","outbound","16","boxes","2023-01-16T10:13:00","warehouse","WH606","customer","CST2263","SO-202301-0203","order fulfillment","USR5144","Order shipped to customer."
"IF00400045","WH608","Metro Logistics","151 Metro Rd","Chicago","IL","60616","USA","PRD38045","Desk Organizer Large","DOL-045","transfer","50","pieces","2023-01-16T11:27:00","warehouse","WH608","warehouse","WH612","TO-202301-0062","balancing inventory","USR5145","Transferred to regional hub."
"IF00400046","WH610","Bay Area Storage","265 Bay St","San Francisco","CA","94124","USA","PRD38046","Adjustable Desk","AD-046","inbound","80","pieces","2023-01-16T12:13:00","supplier","SPL09146","warehouse","WH610","PO-202301-0245","restocking from supplier","USR5146","Shipment received and entered in system."
"IF00400047","WH612","Canyon Distribution","112 Canyon Rd","Salt Lake City","UT","84104","USA","PRD38047","USB Hub 4-Port","UH4P-047","outbound","17","boxes","2023-01-16T13:21:00","warehouse","WH612","customer","CST2274","SO-202301-0217","order fulfillment","USR5147","Order shipped to customer."
"IF00400048","WH614","Rocky Mountain Hub","990 Rocky Dr","Boise","ID","83702","USA","PRD38048","Wireless Mouse","WM-048","adjustment","1","pieces","2023-01-16T14:41:00","warehouse","WH614","warehouse","WH614","ADJ-202301-0008","inventory audit adjustment","USR5148","Adjustment due to lost item."
"IF00400049","WH616","Delta Logistics","650 Delta Ave","Seattle","WA","98108","USA","PRD38049","Monitor Light Bar","MLB-049","inbound","110","pieces","2023-01-17T09:17:00","supplier","SPL09149","warehouse","WH616","PO-202301-0251","restocking from supplier","USR5149","Shipment received and entered in system."
"IF00400050","WH618","Cascade Distribution","300 Cascade St","Portland","OR","97210","USA","PRD38050","Adjustable Laptop Stand","ALS-050","outbound","23","boxes","2023-01-17T10:29:00","warehouse","WH618","customer","CST2291","SO-202301-0232","order fulfillment","USR5150","Order shipped to customer."
"IF00012899","WH742","Montreal Distribution Center","1540 Rue Saint-Paul W","Montreal","QC","H3K1E2","Canada","PRD87821","Industrial Paint 5L","IP5L-CAN-202","inbound","320","pieces","2024-06-12T10:22:15","supplier","SUP9001","warehouse","WH742","PO-20240612-001","restocking after bulk order","USR6452","Bulk restock received, pallet count verified."
"IF00012900","WH128","Madrid Logistics Hub","Avenida de América 45","Madrid","Madrid","28002","Spain","PRD12764","Thermal Insulation Roll","TIR-SPAIN-1045","transfer","85","boxes","2024-06-13T16:37:54","warehouse","WH128","warehouse","WH297","TR-20240613-014","stock balancing between sites","USR8821","Transferred 85 boxes to WH297, confirmed by receiving manager."